ch,name,cat,lang,status,reason,wifi_outcome,wifi_ttff_ms,wifi_code,wifi_phase,wifi_manifest_ms,wifi_segment_ms,wifi_adv_s,4g_outcome,4g_ttff_ms,4g_code,4g_phase,4g_manifest_ms,4g_segment_ms,4g_adv_s,3g_outcome,3g_ttff_ms,3g_code,3g_phase,3g_manifest_ms,3g_segment_ms,3g_adv_s,2g_outcome,2g_ttff_ms,2g_code,2g_phase,2g_manifest_ms,2g_segment_ms,2g_adv_s,host,variants,lowest_kbps,seg_kb,segdur_s,url
2,Dangal TV,Entertainment,Hindi,ok,Plays everywhere tested,ok,719,,frame,96,206,2.5,ok,7722,,frame,237,1419,2.5,ok,9097,,frame,249,3341,2.5,ok,10706,,frame,501,10404,2.5,live-dangal.akamaized.net,4,512,451,6.0,https://live-dangal.akamaized.net/liveabr/playlist.m3u8
3,Dangal 2,Entertainment,Hindi,heavy-2g,Fails only on 2g,ok,533,,frame,100,254,2.5,ok,7264,,frame,242,1436,2.5,ok,9123,,frame,239,3312,2.5,error,,timeout_frame,segment,518,,,live-dangal2.akamaized.net,4,512,456,6.0,https://live-dangal2.akamaized.net/liveabr/playlist.m3u8
5,Zee Comedy Nation,Entertainment,Hindi,heavy-2g,Fails only on 2g,ok,1303,,frame,296,785,2.5,ok,2104,,frame,420,2054,2.4,ok,7465,,frame,272,3690,2.4,error,,timeout_frame,segment,496,,,amg00862-amg00862c5-amgplt0173.playout.now3.amagi.tv,5,710,476,5.7,https://amg00862-amg00862c5-amgplt0173.playout.now3.amagi.tv/playlist/amg00862-amg00862c5-amgplt0173/playlist.m3u8
6,Zee Dil Se,Entertainment,Hindi,heavy-2g,Fails only on 2g,ok,1763,,frame,246,831,2.5,ok,1770,,frame,235,1663,2.5,ok,7771,,frame,237,3824,2.5,error,,timeout_frame,segment,508,,,amg00862-amg00862c6-amgplt0173.playout.now3.amagi.tv,5,710,513,5.7,https://amg00862-amg00862c6-amgplt0173.playout.now3.amagi.tv/playlist/amg00862-amg00862c6-amgplt0173/playlist.m3u8
7,Zee Horror Nights,Entertainment,Hindi,heavy-2g,Fails only on 2g,ok,1246,,frame,215,650,2.5,ok,1845,,frame,234,1801,2.4,ok,5683,,frame,242,2933,2.4,error,,timeout_frame,segment,521,,,amg00862-amg00862c7-amgplt0173.playout.now3.amagi.tv,5,710,478,6.0,https://amg00862-amg00862c7-amgplt0173.playout.now3.amagi.tv/playlist/amg00862-amg00862c7-amgplt0173/playlist.m3u8
8,Zee Cine Classic,Entertainment,Hindi,heavy-2g,Fails only on 2g,ok,1648,,frame,240,787,2.5,ok,6480,,frame,282,1854,2,ok,8008,,frame,239,3880,2.5,error,,timeout_frame,segment,506,,,amg00862-amg00862c8-amgplt0173.playout.now3.amagi.tv,5,710,499,6.0,https://amg00862-amg00862c8-amgplt0173.playout.now3.amagi.tv/playlist/amg00862-amg00862c8-amgplt0173/playlist.m3u8
9,Zee South Flix,Entertainment,Hindi,heavy-2g,Fails only on 2g,ok,1238,,frame,237,698,2.5,ok,6139,,,,,2.4,ok,7646,,frame,227,3754,2.5,error,,timeout_frame,segment,483,,,amg00862-amg00862c9-amgplt0173.playout.now3.amagi.tv,5,710,446,5.9,https://amg00862-amg00862c9-amgplt0173.playout.now3.amagi.tv/playlist/amg00862-amg00862c9-amgplt0173/playlist.m3u8
11,Shubh Cinema,Entertainment,Hindi,heavy-2g,Fails only on 2g,ok,518,,frame,115,267,2.5,ok,957,,frame,165,876,2.5,ok,2081,,frame,270,2005,2.5,error,,timeout_frame,decoding,492,5526,,d393sxaxig6bax.cloudfront.net,2,436,990,6.0,https://d393sxaxig6bax.cloudfront.net/out/v1/589cf2cf44bf42bb941e817a2240d62e/index.m3u8
17,Shemaroo Josh,Entertainment,Hindi,flaky,"Failed on 4g (both attempts), played on Wi-Fi",ok,660,,frame,129,555,2.5,error,,timeout_frame,segment,201,,,error,,timeout_frame,segment,276,,,error,,timeout_frame,segment,468,,,airtelapp.shemaroo.com,1,1628,6464,10.0,https://airtelapp.shemaroo.com/shemarooChumbakTV/smil:shemarooChumbakTVadp.smil/playlist.m3u8
18,Desi Channel,Entertainment,Hindi,heavy,Plays on fast links only (fails on 3g),ok,2355,,frame,761,2267,2.4,ok,12399,,frame,736,6126,2.5,error,,timeout_frame,segment,687,,,error,,timeout_frame,segment,976,,,livestream.unlimitedcdn.com,1,4370,2312,5.0,https://livestream.unlimitedcdn.com/agm-dc/desi-channel/index.m3u8
20,Gangaur TV,Entertainment,Hindi,slow,Slow even on Wi-Fi (>4 s to first frame),ok,4530,,frame,552,2578,2.5,ok,2250,,frame,315,2198,2.5,ok,2554,,frame,325,2478,2.5,ok,6607,,frame,521,6559,2.5,pbgangaur.wiseplayout.com,5,314,2145,6.0,https://pbgangaur.wiseplayout.com/Gangaur/master.m3u8
24,Bhojpuri Cinema,Movies,Bhojpuri,heavy-2g,Fails only on 2g,ok,914,,frame,226,377,2.5,ok,1466,,frame,183,1361,2.5,ok,3347,,frame,241,3261,2.4,error,,timeout_frame,segment,516,,,live-bhojpuri.akamaized.net,4,512,413,6.0,https://live-bhojpuri.akamaized.net/liveabr/playlist.m3u8
25,ZB Cinema,Movies,Hindi,heavy,Plays on fast links only (fails on 3g),ok,1175,,frame,277,1084,2.5,ok,12838,,frame,248,12330,2.5,error,,timeout_frame,segment,328,,,error,,timeout_frame,segment,594,,,server.zillarbarta.com,1,2840,2855,9.5,https://server.zillarbarta.com/ZBCINEMA/index.m3u8
26,Shemaroo Marathi Bana,Movies,Marathi,heavy,Plays on fast links only (fails on 3g),ok,472,,frame,99,336,2.5,ok,6876,,frame,141,6753,2.5,error,,timeout_frame,segment,218,,,error,,timeout_frame,segment,502,,,airtelapp.shemaroo.com,1,1628,3541,10.0,https://airtelapp.shemaroo.com/marathibana/smil:marathibanaadp.smil/playlist.m3u8
27,9XM,Music,Hindi,heavy-2g,Fails only on 2g,ok,7429,,frame,1231,4228,2.4,ok,3281,,frame,1154,3189,2.5,ok,3284,,frame,714,3224,2.5,error,,timeout_frame,segment,887,,,9xjio.wiseplayout.com,5,364,1467,6.0,https://9xjio.wiseplayout.com/9XM/master.m3u8
29,9X Jhakaas,Music,Hindi,ok,Plays everywhere tested,ok,2725,,frame,243,1332,2.5,ok,2230,,frame,243,2119,2.5,ok,4603,,frame,257,4552,2.5,ok,5896,,frame,495,5246,1.8,amg01281-9xmediapvtltd-9xjhakaas-samsungin-ci2cs.amagi.tv,4,1021,213,1.9,https://amg01281-9xmediapvtltd-9xjhakaas-samsungin-ci2cs.amagi.tv/playlist/amg01281-9xmediapvtltd-9xjhakaas-samsungin/playlist.m3u8
30,9X Tashan,Music,Hindi,heavy-2g,Fails only on 2g,ok,1424,,frame,319,790,2.5,ok,1465,,frame,265,1409,2.5,ok,4797,,frame,248,4701,2.5,error,,timeout_frame,segment,480,,,amg01281-9xmediapvtltd-9xtashan-samsungin-xz1sd.amagi.tv,4,1021,741,6.0,https://amg01281-9xmediapvtltd-9xtashan-samsungin-xz1sd.amagi.tv/playlist/amg01281-9xmediapvtltd-9xtashan-samsungin/playlist.m3u8
32,B4U Bhojpuri,Music,Bhojpuri,heavy-2g,Fails only on 2g,ok,2158,,frame,517,1241,2.5,ok,1806,,frame,548,1746,2.5,ok,3012,,frame,518,2920,2.5,error,,timeout_frame,decoding,640,14077,,cdnb4u.wiseplayout.com,5,364,1451,6.0,https://cdnb4u.wiseplayout.com/B4U_Bhojpuri/master.m3u8
34,PTC Music,Music,Punjabi,ok,Plays everywhere tested,ok,634,,frame,110,237,2.5,ok,922,,frame,145,865,2.5,ok,1982,,frame,224,1885,2.5,ok,5667,,frame,526,5618,2.4,d2lk5u59tns74c.cloudfront.net,5,291,,6.0,https://d2lk5u59tns74c.cloudfront.net/out/v1/f913cf893c594f73b114216e74a2efbc/index.m3u8
35,Pitaara,Music,Punjabi,heavy-2g,Fails only on 2g,ok,2185,,frame,454,1749,2.5,ok,3512,,frame,549,3454,2.5,ok,6363,,frame,450,6308,2.5,error,,timeout_frame,segment,560,,,vg-pitaaratvlive.akamaized.net,3,800,2009,6.0,https://vg-pitaaratvlive.akamaized.net/v1/master/611d79b11b77e2f571934fd80ca1413453772ac7/vglive-sk-583798/playlist.m3u8
37,Punjabi Hits,Music,Punjabi,heavy-2g,Fails only on 2g,ok,1229,,frame,155,437,2.5,ok,1485,,frame,226,1435,2.5,ok,3234,,frame,260,3188,2.5,error,,timeout_frame,segment,545,,,stream.ottlive.co.in,4,660,502,6.0,https://stream.ottlive.co.in/punjabihits/index.m3u8
38,ZB Music,Music,Hindi,heavy,Plays on fast links only (fails on 3g),ok,1220,,frame,222,840,2.5,ok,7065,,frame,251,6316,1.9,error,,timeout_frame,segment,316,,,error,,timeout_frame,segment,580,,,server.zillarbarta.com,1,2820,2873,8.3,https://server.zillarbarta.com/zbmusic/index.m3u8
39,Steelbird Music,Music,Hindi,heavy,Plays on fast links only (fails on 3g),ok,629,,frame,226,561,2.5,ok,3893,,frame,235,3820,2.5,error,,timeout_frame,segment,268,,,error,,timeout_frame,segment,576,,,cdn2.in,0,,1656,6.0,https://cdn2.in/SteelbirdMusicTVhls/live.m3u8
40,Aaj Tak HD,News,Hindi,ok,Plays everywhere tested,ok,560,,frame,77,231,2.5,ok,895,,frame,177,800,2.5,ok,1768,,frame,260,1725,2.5,ok,4506,,frame,522,4453,2.5,feeds.intoday.in,12,200,184,6.0,https://feeds.intoday.in/aajtak/api/aajtakhd/master.m3u8
41,ABP News,News,Hindi,ok,Plays everywhere tested,ok,410,,frame,122,161,2.5,ok,885,,frame,167,808,2.5,ok,1808,,frame,230,1757,2.5,ok,4912,,frame,486,4841,2.5,d2l4ar6y3mrs4k.cloudfront.net,3,262,215,6.0,https://d2l4ar6y3mrs4k.cloudfront.net/live-streaming/abpnews-livetv/master.m3u8
42,Zee News,News,Hindi,heavy,Plays on fast links only (fails on 3g),ok,353,,frame,134,260,2.5,ok,2481,,frame,216,2333,1.6,error,,timeout_frame,segment,241,,,error,,timeout_frame,segment,492,,,dknttpxmr0dwf.cloudfront.net,0,,2951,6.0,https://dknttpxmr0dwf.cloudfront.net/index_57.m3u8
43,India TV,News,Hindi,heavy-2g,Fails only on 2g,ok,763,,frame,181,357,2.5,ok,1661,,frame,164,1559,2.5,ok,3907,,frame,255,3849,2.5,error,,timeout_frame,segment,513,,,pl-indiatvnews.akamaized.net,2,599,2024,6.0,https://pl-indiatvnews.akamaized.net/out/v1/db79179b608641ceaa5a4d0dd0dca8da/index.m3u8
44,NDTV India,News,Hindi,heavy-2g,Fails only on 2g,ok,392,,frame,131,194,2.5,ok,1417,,frame,184,1342,2.5,ok,2979,,frame,232,2926,2.5,error,,timeout_frame,segment,501,,,ndtvindiaelemarchana.akamaized.net,3,966,467,4.0,https://ndtvindiaelemarchana.akamaized.net/hls/live/2003679/ndtvindia/master.m3u8
45,Zee Bharat,News,Hindi,ok,Plays everywhere tested,ok,1144,,frame,324,723,2.5,ok,1343,,frame,365,1289,2.4,ok,2157,,frame,344,2061,2.5,ok,5210,,frame,515,5167,2.5,vg-zeefta.akamaized.net,4,364,217,4.0,https://vg-zeefta.akamaized.net/ptnr-yupptv/title-zeehindustan/v1/master/611d79b11b77e2f571934fd80ca1413453772ac7/96bbab12-582e-4540-af70-510ab6824581/main.m3u8
46,News 24,News,Hindi,heavy-2g,Fails only on 2g,ok,4766,,frame,1041,2859,2.5,ok,3238,,frame,1086,3173,2.5,ok,4051,,frame,1038,3949,2.5,error,,timeout_frame,segment,1019,,,vidcdn.vidgyor.com,3,409,307,6.0,https://vidcdn.vidgyor.com/news24-origin/liveabr/playlist.m3u8
47,Sudarshan News,News,Hindi,heavy-2g,Fails only on 2g,ok,670,,frame,297,607,2.5,ok,2551,,frame,242,2483,2.5,ok,6038,,frame,295,5958,2.5,error,,timeout_frame,segment,617,,,ott.livelegitpro.in,0,,763,5.0,https://ott.livelegitpro.in/sudarshannews/sudarshannews/tracks-v1/index.fmp4.m3u8
48,India Today,News,English,ok,Plays everywhere tested,ok,419,,frame,125,174,2.5,ok,769,,frame,159,729,2.5,ok,1548,,frame,265,1495,2.5,ok,4466,,frame,528,4394,2.5,indiatodaylive.akamaized.net,10,255,211,6.0,https://indiatodaylive.akamaized.net/hls/live/2014320/indiatoday/indiatodaylive/playlist.m3u8
49,WION,News,English,heavy,Plays on fast links only (fails on 3g),ok,356,,frame,129,271,2.5,ok,5498,,frame,171,5392,2.5,error,,timeout_frame,segment,226,,,error,,timeout_frame,segment,475,,,d7x8z4yuq42qn.cloudfront.net,0,,2621,6.0,https://d7x8z4yuq42qn.cloudfront.net/index_7.m3u8
50,NDTV 24x7,News,English,heavy-2g,Fails only on 2g,ok,333,,frame,116,174,2.5,ok,1422,,frame,176,1302,2.5,ok,3107,,frame,226,3050,2.5,error,,timeout_frame,segment,519,,,ndtv24x7elemarchana.akamaized.net,3,966,455,4.0,https://ndtv24x7elemarchana.akamaized.net/hls/live/2003678/ndtv24x7/master.m3u8
51,RT India,News,English,heavy-2g,Fails only on 2g,ok,7447,,frame,1417,4902,2.4,ok,5056,,frame,1864,4979,2.5,ok,6169,,frame,1440,6115,2.4,error,,timeout_frame,segment,2110,,,rt-india.rttv.com,4,1130,2773,5.0,https://rt-india.rttv.com/dvr/rtindia/playlist.m3u8
53,AmarUjala,News,Hindi,heavy-2g,Fails only on 2g,ok,1195,,frame,458,699,2.5,ok,1609,,frame,415,1454,2.5,ok,2827,,frame,568,2763,2.5,error,,timeout_frame,segment,1056,,,amarujala.ottlive.co.in,3,430,344,6.0,https://amarujala.ottlive.co.in/amarujala/index.m3u8
54,TOI Global,News,English,heavy-2g,Fails only on 2g,ok,3457,,frame,1443,2373,2.5,ok,2478,,frame,897,2428,2.5,ok,5502,,frame,1717,5437,2.5,error,,timeout_frame,segment,1466,,,live.sli.ke,3,966,1651,4.0,https://live.sli.ke/live/npnhm84gz9/master.m3u8
55,Zee Business,Business,Hindi,heavy,Plays on fast links only (fails on 3g),ok,407,,frame,106,234,2.5,ok,2667,,frame,195,2604,2.5,error,,timeout_frame,segment,244,,,error,,timeout_frame,segment,483,,,dwby15d04agvq.cloudfront.net,0,,1313,6.0,https://dwby15d04agvq.cloudfront.net/index_5.m3u8
56,ET Now Swadesh,Business,Hindi,dead,Failed every attempt on Wi-Fi (2) and 4g (2),error,,levelLoadError,playlist,943,,,error,,levelLoadError,playlist,894,,,error,,levelLoadError,playlist,859,,,error,,levelLoadError,playlist,1221,,,d32gxr3r1ksq2p.cloudfront.net,3,911,,,https://d32gxr3r1ksq2p.cloudfront.net/master.m3u8
57,Aastha,Devotional,Hindi,ok,Plays everywhere tested,ok,803,,frame,246,296,2.5,ok,1025,,frame,274,974,2.5,ok,2071,,frame,251,2004,2.5,ok,5570,,frame,485,5479,2.5,aasthaott.akamaized.net,5,464,236,4.0,https://aasthaott.akamaized.net/110923/smil:aasthatv.smil/index.m3u8
58,Aastha Bhajan,Devotional,Hindi,ok,Plays everywhere tested,ok,501,,frame,109,234,2.5,ok,962,,frame,368,904,2.5,ok,1491,,frame,250,1439,2.5,ok,3911,,frame,513,3849,2.5,aasthaott.akamaized.net,5,264,152,4.0,https://aasthaott.akamaized.net/110923/smil:bhajan.smil/playlist.m3u8
59,Channel Divya,Devotional,Punjabi,heavy-2g,Fails only on 2g,ok,669,,frame,168,341,2.5,ok,2479,,frame,263,2362,2.5,ok,5573,,frame,228,5503,2.5,error,,timeout_frame,segment,477,,,vg-pitaaratvlive.akamaized.net,4,800,3952,6.0,https://vg-pitaaratvlive.akamaized.net/v1/vglive-sk-906482/playlist.m3u8
60,Chardikla Gurbani,Devotional,Punjabi,heavy,Plays on fast links only (fails on 3g),ok,1648,,frame,497,1549,2.5,ok,4185,,frame,605,3859,2.5,error,,timeout_frame,segment,499,,,error,,timeout_frame,segment,713,,,chardikalatimestv.gigabitcdn.net,1,1710,1237,6.0,https://chardikalatimestv.gigabitcdn.net/in-chardikala/chardikala-gurbani-tv/playlist.m3u8
61,ZB Bhakti,Devotional,Hindi,heavy,Plays on fast links only (fails on 3g),ok,1271,,frame,314,867,2.5,ok,6865,,frame,276,6300,1.9,error,,timeout_frame,segment,342,,,error,,timeout_frame,segment,572,,,server.zillarbarta.com,1,2780,2841,8.3,https://server.zillarbarta.com/zbbhakti/index.m3u8
62,ABP Ganga,News,Hindi,ok,Plays everywhere tested,ok,1041,,frame,168,406,2.5,ok,792,,frame,120,749,2.5,ok,1773,,frame,228,1695,2.5,ok,4953,,frame,492,4847,2.5,d2l4ar6y3mrs4k.cloudfront.net,3,273,214,6.0,https://d2l4ar6y3mrs4k.cloudfront.net/live-streaming/ganga-livetv/master.m3u8
63,ABP Asmita,News,Marathi,ok,Plays everywhere tested,ok,964,,frame,164,408,2.5,ok,764,,frame,217,722,2.5,ok,1390,,frame,237,1343,2.5,ok,3686,,frame,497,3638,2.5,d2l4ar6y3mrs4k.cloudfront.net,3,273,147,4.0,https://d2l4ar6y3mrs4k.cloudfront.net/live-streaming/asmita-livetv/master.m3u8
64,Zee 24 Taas,News,Marathi,heavy-2g,Fails only on 2g,ok,361,,frame,118,297,2.5,ok,1364,,frame,156,1291,2.5,ok,4409,,frame,214,4314,2.4,error,,timeout_frame,segment,512,,,dgrvlduwztkd4.cloudfront.net,0,,,6.0,https://dgrvlduwztkd4.cloudfront.net/index_5.m3u8
65,NDTV Marathi,News,Marathi,heavy-2g,Fails only on 2g,ok,2017,,frame,466,1166,2.5,ok,1470,,frame,136,1389,2.5,ok,3204,,frame,253,3153,2.5,error,,timeout_frame,segment,532,,,web-ndtv-marathi.akamaized.net,6,32,52,6.0,https://web-ndtv-marathi.akamaized.net/hls/live/2110470/ndtvmarathi/master_1.m3u8
66,ZB Cartoon,Kids,Hindi,heavy,Plays on fast links only (fails on 3g),ok,1874,,frame,190,1675,2.5,ok,5473,,frame,250,5355,2.5,error,,timeout_frame,segment,335,,,error,,timeout_frame,segment,581,,,server.zillarbarta.com,1,2780,2280,9.2,https://server.zillarbarta.com/zbcatun/video.m3u8
67,4TV News,News,Hindi,heavy,Plays on fast links only (fails on 3g),ok,799,,frame,170,464,2.5,ok,1251,,frame,178,894,2.5,no_outcome,,no_outcome_32000,,,,,ok,7479,,frame,429,5643,1.1,cdn-4.pishow.tv,2,691,1017,4.0,https://cdn-4.pishow.tv/live/1007/master.m3u8
68,7S Music,Music,Hindi,heavy-2g,Fails only on 2g,ok,699,,frame,288,643,2.5,ok,1918,,frame,217,1872,2.5,ok,4445,,frame,177,4374,2.5,error,,timeout_frame,segment,642,,,mumt03.tangotv.in,1,950,705,6.0,https://mumt03.tangotv.in/Dsly5z3H7SMUSIC/index.m3u8
69,Aaryaa TV,Music,Hindi,flaky,"Failed on 4g (both attempts), played on Wi-Fi",ok,877,,frame,150,757,2.4,error,,timeout_frame,segment,277,,,error,,timeout_frame,segment,282,,,error,,timeout_frame,segment,550,,,stream.ottlive.co.in,1,5550,3563,5.9,https://stream.ottlive.co.in/aryatvtamil/index.m3u8
70,Aaseervatham TV,Devotional,Hindi,heavy-2g,Fails only on 2g,ok,625,,frame,229,550,2.5,ok,1944,,frame,290,1872,2.5,ok,2847,,frame,350,2796,2.5,error,,timeout_frame,segment,633,,,mumt04.tangotv.in,1,900,720,6.0,https://mumt04.tangotv.in/m18aqlK4AASEERVATHAMTV/index.m3u8
71,Aastha Bhajan,Devotional,Hindi,heavy-2g,Fails only on 2g,ok,1353,,frame,454,1304,2.4,ok,2071,,frame,253,1952,2.5,ok,4545,,frame,319,4474,2.5,error,,timeout_frame,segment,635,,,mumt05.tangotv.in,1,1000,723,6.0,https://mumt05.tangotv.in/87NeALx2AASTHABHAJAN/index.m3u8
72,Aastha Prime 1,Devotional,Hindi,ok,Plays everywhere tested,ok,768,,frame,87,460,2.5,ok,744,,frame,153,688,2.5,ok,1651,,frame,250,1560,2.5,ok,3832,,frame,508,3769,2.5,aasthaott.akamaized.net,5,264,152,4.0,https://aasthaott.akamaized.net/110923/smil:aasthaprime1.smil/master.m3u8
73,ABP News,News,Hindi,heavy-2g,Fails only on 2g,ok,2375,,frame,527,1604,2.5,ok,1916,,frame,311,1799,2.5,ok,3954,,frame,567,3893,2.5,error,,timeout_frame,segment,759,,,d1rc86nwwc9fag.cloudfront.net,3,691,543,6.0,https://d1rc86nwwc9fag.cloudfront.net/vglive-sk-472500/abpnews/master.m3u8
75,Alankar TV,Movies,Hindi,ok,Plays everywhere tested,ok,664,,frame,165,326,2.5,ok,1075,,frame,185,1019,2.4,ok,2157,,frame,248,2110,2.5,ok,4998,,frame,482,4949,2.5,livetv.tarangplus.in,3,403,301,6.0,https://livetv.tarangplus.in/alankar-origin/live/playlist.m3u8
76,Anand TV,Devotional,Hindi,heavy,Plays on fast links only (fails on 3g),ok,1434,,frame,261,1165,2.5,ok,10843,,frame,263,10735,2.5,error,,timeout_frame,segment,290,,,error,,timeout_frame,segment,629,,,live.legitpro.co.in,1,2800,2112,6.0,https://live.legitpro.co.in/anandtv/index.m3u8
77,Ananda Barta,News,Hindi,heavy-2g,Fails only on 2g,ok,798,,frame,220,557,2.5,ok,4390,,frame,254,2352,2.4,ok,5636,,frame,311,5563,2.5,error,,timeout_frame,segment,519,,,account19.livebox.co.in,0,,881,6.0,https://account19.livebox.co.in/Anandabarta2hls/live.m3u8
78,Andy Haryana,Culture,Hindi,heavy-2g,Fails only on 2g,ok,1985,,frame,819,1904,2.5,ok,1955,,frame,217,1898,2.5,ok,4627,,frame,357,4563,2.4,error,,timeout_frame,segment,616,,,mumt03.tangotv.in,1,900,720,6.0,https://mumt03.tangotv.in/Dsly5z3HANDYHARYANA/index.m3u8
79,Angel TV,Devotional,Hindi,dead,Failed every attempt on Wi-Fi (2) and 4g (2),error,,timeout_frame,decoding,421,12553,,error,,timeout_frame,segment,1331,,,error,,timeout_frame,segment,234,,,error,,timeout_frame,segment,525,,,janya-digimix.akamaized.net,5,435,3920,9.6,https://janya-digimix.akamaized.net/vglive-sk-394914/india/ngrp:angelindia_all/playlist.m3u8
80,Apna Punjab TV,Entertainment,Punjabi,heavy,Plays on fast links only (fails on 3g),ok,3241,,frame,879,3167,2.5,ok,4805,,frame,943,4700,2.5,error,,timeout_frame,segment,974,,,error,,timeout_frame,segment,1029,,,plus.gigabitcdn.net,1,1950,1290,6.0,https://plus.gigabitcdn.net/live-stream/apna-punjab-H3sE/playlist.m3u8
81,Aradana TV,Devotional,Hindi,ok,Plays everywhere tested,ok,1879,,frame,259,768,2.5,ok,1726,,frame,267,1232,2.5,ok,2889,,frame,395,2161,2.5,ok,7562,,frame,635,5862,2.5,cdn-1.pishow.tv,2,691,1012,4.0,https://cdn-1.pishow.tv/live/961/master.m3u8
82,Arputhar Yesu TV,Devotional,Hindi,heavy,Plays on fast links only (fails on 3g),ok,1250,,frame,356,1190,2.5,ok,4176,,frame,317,4100,2.5,error,,timeout_frame,segment,428,,,error,,timeout_frame,segment,622,,,arputharyesutv.arputharyesutv.com,1,1930,1677,6.0,https://arputharyesutv.arputharyesutv.com/live/md/index.m3u8
83,Aryan TV National,Undefined,Hindi,heavy-2g,Fails only on 2g,ok,358,,frame,45,304,2.4,ok,1912,,frame,239,1853,2.5,ok,4655,,frame,309,4581,2.4,error,,timeout_frame,segment,572,,,mumt04.tangotv.in,1,970,720,6.0,https://mumt04.tangotv.in/m18aqlK4ARYANTVNATIONAL/index.m3u8
84,B4U Music,Music,Hindi,ok,Plays everywhere tested,ok,1517,,frame,225,766,2.5,ok,1593,,frame,299,1181,2.4,ok,2702,,frame,286,1924,2.5,ok,7498,,frame,589,5787,2.4,cdn-2.pishow.tv,2,691,999,4.0,https://cdn-2.pishow.tv/live/415/master.m3u8
85,Bansal News,News,Hindi,heavy-2g,Fails only on 2g,ok,2303,,frame,961,2241,2.5,ok,3737,,frame,918,3668,2.5,ok,6438,,frame,573,6380,2.5,error,,timeout_frame,segment,778,,,8yzmq2gbdvax-hls-live.wmncdn.net,1,1378,987,6.0,https://8yzmq2gbdvax-hls-live.wmncdn.net/bansalnewstv1/live1.stream/playlist.m3u8
86,Bharat Samachar,News,Hindi,heavy-2g,Fails only on 2g,ok,554,,frame,221,364,2.5,ok,1595,,frame,154,1519,2.4,ok,3340,,frame,227,3287,2.5,error,,timeout_frame,segment,516,,,idvd.multitvsolution.com,2,1060,397,4.0,https://idvd.multitvsolution.com/idvo/bharatsamachar.m3u8
87,Big TV 24x7,News,Hindi,heavy,Plays on fast links only (fails on 3g),ok,994,,frame,296,923,2.5,ok,4849,,frame,136,4750,2.5,error,,timeout_frame,segment,226,,,error,,timeout_frame,segment,490,,,d2gvyg6lvauoko.cloudfront.net,0,,2212,8.0,https://d2gvyg6lvauoko.cloudfront.net/230226/bigtvmalyalam/chunks.m3u8
89,BRK News,News,Hindi,ok,Plays everywhere tested,ok,1521,,frame,249,763,2.5,ok,1631,,frame,323,1237,2.5,ok,2882,,frame,373,2191,2.4,ok,7391,,frame,435,5638,2.5,cdn-1.pishow.tv,2,691,1016,4.0,https://cdn-1.pishow.tv/live/1037/master.m3u8
90,Channel WIN,Devotional,Hindi,ok,Plays everywhere tested,ok,1031,,frame,227,561,2.5,ok,1299,,frame,219,944,2.5,ok,2813,,frame,293,2048,2.5,ok,7436,,frame,545,5759,2.4,cdn-4.pishow.tv,2,691,970,4.0,https://cdn-4.pishow.tv/live/229/master.m3u8
91,Chardikla Time TV,News,Punjabi,heavy,Plays on fast links only (fails on 3g),ok,1811,,frame,601,1645,2.5,ok,5441,,frame,821,5297,2.5,error,,timeout_frame,segment,558,,,error,,timeout_frame,segment,741,,,chardikalagurbanitv.gigabitcdn.net,1,2910,1983,6.0,https://chardikalagurbanitv.gigabitcdn.net/in-chardikala/chardikala-timetv/playlist.m3u8
92,Chardikla Time TV North America,News,Punjabi,heavy,Plays on fast links only (fails on 3g),ok,1570,,frame,518,1458,2.5,ok,5163,,frame,490,5006,2.5,error,,timeout_frame,segment,511,,,error,,timeout_frame,segment,684,,,chardikalanorthamerica.gigabitcdn.net,1,2430,2053,6.0,https://chardikalanorthamerica.gigabitcdn.net/in-chardikala/chardikala-north-usa/playlist.m3u8
93,Cnews Bharat,News,Hindi,flaky,"Failed once on a fast link, played on the second attempt",error,,fragLoadError,decoding,183,1758,,ok,15632,,frame,241,5662,2.5,error,,fragLoadTimeOut,segment,293,,,error,,timeout_frame,segment,556,,,legitpro.co.in,1,4460,2505,5.0,https://legitpro.co.in/cnews/cnews/index.fmp4.m3u8
94,CTVN AKD Plus,News,Hindi,heavy-2g,Fails only on 2g,ok,995,,frame,235,484,2.5,ok,1408,,frame,257,1351,2.5,ok,3133,,frame,317,3080,2.4,error,,timeout_frame,segment,633,,,live.legitpro.co.in,4,510,153,6.2,https://live.legitpro.co.in/ctvnakdplus/index.m3u8
95,DD Bihar,DD,Hindi,ok,Plays everywhere tested,ok,1046,,frame,171,450,2.5,ok,1538,,frame,210,978,2.5,ok,2788,,frame,283,2036,2.5,ok,7365,,frame,452,5618,2.5,cdn-4.pishow.tv,2,691,933,4.0,https://cdn-4.pishow.tv/live/35/master.m3u8
96,DD Chhattisgarh,DD,Hindi,ok,Plays everywhere tested,ok,1787,,frame,321,915,2.5,ok,1480,,frame,253,1081,2.5,ok,2870,,frame,365,2142,2.5,ok,7494,,frame,587,5779,2.5,cdn-1.pishow.tv,2,691,1026,4.0,https://cdn-1.pishow.tv/live/15/master.m3u8
97,DD Goa,DD,Hindi,ok,Plays everywhere tested,ok,677,,frame,126,383,2.5,ok,1085,,frame,146,1018,2.4,ok,1836,,frame,185,1769,2.4,ok,4475,,frame,494,4431,2.5,d3qs3d2rkhfqrt.cloudfront.net,3,401,,6.0,https://d3qs3d2rkhfqrt.cloudfront.net/out/v1/e5b9db1cc184406bb97159da2f120f91/index.m3u8
98,DD Haryana,DD,Hindi,ok,Plays everywhere tested,ok,553,,frame,91,211,2.5,ok,877,,frame,139,821,2.5,ok,1848,,frame,214,1790,2.4,ok,6100,,frame,506,6053,2.5,d2lk5u59tns74c.cloudfront.net,3,401,,6.0,https://d2lk5u59tns74c.cloudfront.net/out/v1/950fc69666474351bde0a32b9600c804/index.m3u8
99,DD Himachal Pradesh,DD,Hindi,ok,Plays everywhere tested,ok,476,,frame,111,295,2.5,ok,876,,frame,92,810,2.5,ok,1908,,frame,172,1841,2.5,ok,5996,,frame,432,5938,2.5,d3qs3d2rkhfqrt.cloudfront.net,3,401,,6.0,https://d3qs3d2rkhfqrt.cloudfront.net/out/v1/afd2e335b0ba40eb9bdf1096118c6ede/index.m3u8
100,DD India,DD,Hindi,ok,Plays everywhere tested,ok,652,,frame,60,268,2.5,ok,1059,,frame,153,998,2.5,ok,2226,,frame,227,2166,2.5,ok,6114,,frame,503,6052,2.5,d3qs3d2rkhfqrt.cloudfront.net,5,401,,6.0,https://d3qs3d2rkhfqrt.cloudfront.net/out/v1/ceda14583477426aa162a65392d8ea07/index.m3u8
101,DD Jharkhand,DD,Hindi,ok,Plays everywhere tested,ok,495,,frame,109,231,2.5,ok,824,,frame,148,773,2.5,ok,1488,,frame,233,1434,2.5,ok,6007,,frame,502,5930,2.5,d3qs3d2rkhfqrt.cloudfront.net,3,401,,6.0,https://d3qs3d2rkhfqrt.cloudfront.net/out/v1/e8c3741f8c154d3185831f4e31777fb2/index.m3u8
102,DD Kisan,Education,Hindi,ok,Plays everywhere tested,ok,1302,,frame,157,509,2.5,ok,1171,,frame,87,786,2.5,ok,2656,,frame,258,1977,2.5,ok,7413,,frame,516,5717,2.1,cdn-6.pishow.tv,2,691,1026,4.0,https://cdn-6.pishow.tv/live/9/master.m3u8
103,DD Madhya Pradesh,DD,Hindi,ok,Plays everywhere tested,ok,1771,,frame,285,843,2.5,ok,1281,,frame,97,880,2.5,ok,2369,,frame,172,1685,2.4,ok,7440,,frame,427,5717,2.4,cdn-1.pishow.tv,2,691,1073,4.0,https://cdn-1.pishow.tv/live/31/master.m3u8
104,DD National HD,Entertainment,Hindi,ok,Plays everywhere tested,ok,251,,frame,109,199,2.5,ok,4085,,,,,2.5,ok,4568,,frame,232,2119,2.5,ok,6902,,frame,491,6851,2.5,d3qs3d2rkhfqrt.cloudfront.net,5,401,,6.0,https://d3qs3d2rkhfqrt.cloudfront.net/out/v1/40492a64c1db4a1385ba1a397d357d3a/index.m3u8
105,DD National SD,Entertainment,Hindi,ok,Plays everywhere tested,ok,2975,,frame,279,2348,2.5,ok,1367,,frame,98,1023,2.5,ok,2684,,frame,175,1943,2.5,ok,7797,,frame,602,6122,2.4,cdn-1.pishow.tv,2,691,993,4.0,https://cdn-1.pishow.tv/live/11/master.m3u8
106,DD News HD,News,Hindi,ok,Plays everywhere tested,ok,824,,frame,97,298,2.5,ok,967,,frame,93,922,2.5,ok,7414,,frame,229,2327,2.5,ok,6238,,frame,425,6177,2.5,d3qs3d2rkhfqrt.cloudfront.net,5,399,295,6.0,https://d3qs3d2rkhfqrt.cloudfront.net/out/v1/0811cd8c37ca4c409d5385a6cd2fa18b/index.m3u8
107,DD Punjabi,Culture,Punjabi,ok,Plays everywhere tested,ok,465,,frame,102,279,2.5,ok,1230,,frame,184,1151,2.5,ok,2075,,frame,215,2030,2.5,ok,5687,,frame,431,5609,2.4,d3qs3d2rkhfqrt.cloudfront.net,3,401,,6.0,https://d3qs3d2rkhfqrt.cloudfront.net/out/v1/da821c24a59d4e57960497aeaca8fb33/index.m3u8
108,DD Rajasthan,DD,Hindi,ok,Plays everywhere tested,ok,1078,,frame,75,636,2.5,ok,1411,,frame,98,998,2.5,ok,2810,,frame,185,2020,2.5,ok,7533,,frame,638,5896,2.5,cdn-1.pishow.tv,2,691,972,4.0,https://cdn-1.pishow.tv/live/34/master.m3u8
109,DD Sports SD,Sports,Hindi,ok,Plays everywhere tested,ok,541,,frame,95,224,2.5,ok,812,,frame,93,754,2.4,ok,1920,,frame,208,1844,2.5,ok,6600,,frame,488,6535,2.5,d3qs3d2rkhfqrt.cloudfront.net,5,401,,6.0,https://d3qs3d2rkhfqrt.cloudfront.net/out/v1/b17adfe543354fdd8d189b110617cddd/index.m3u8
110,DD Urdu,DD,Urdu,ok,Plays everywhere tested,ok,1683,,frame,150,1026,2.5,ok,1394,,frame,212,949,2.5,ok,2669,,frame,276,1971,2.5,ok,7158,,frame,575,5523,2.4,cdn-4.pishow.tv,2,691,1003,4.0,https://cdn-4.pishow.tv/live/8/master.m3u8
111,DD Uttar Pradesh,DD,Hindi,ok,Plays everywhere tested,ok,1295,,frame,87,556,2.5,ok,1417,,frame,101,978,2.5,ok,2805,,frame,307,2081,2.5,ok,7443,,frame,622,5753,2.4,cdn-1.pishow.tv,2,691,1012,4.0,https://cdn-1.pishow.tv/live/36/master.m3u8
112,DD Uttarakhand,DD,Hindi,ok,Plays everywhere tested,ok,3751,,frame,94,1138,2.5,ok,1560,,frame,268,1133,2.5,ok,2849,,frame,341,2132,2.5,ok,7592,,frame,589,5881,2.5,cdn-1.pishow.tv,2,691,1023,4.0,https://cdn-1.pishow.tv/live/17/master.m3u8
113,Dharsan TV,Devotional,Hindi,heavy,Plays on fast links only (fails on 3g),ok,1642,,frame,157,1563,2.5,ok,5334,,frame,370,5165,1.7,error,,timeout_frame,segment,235,,,error,,timeout_frame,segment,589,,,cable91tataplay.akamaized.net,1,3100,2083,5.4,https://cable91tataplay.akamaized.net/live/dharshantv/index.m3u8
114,Dheeran TV,Devotional,Hindi,heavy,Plays on fast links only (fails on 3g),ok,1163,,frame,264,1095,2.5,ok,3538,,frame,230,3414,2.5,error,,timeout_frame,segment,304,,,error,,timeout_frame,segment,575,,,live.we2live.in,1,1830,1322,6.0,https://live.we2live.in/dheerantv/dheerantv/playlist.m3u8
115,Epic TV Digital,Entertainment,Hindi,heavy-2g,Fails only on 2g,ok,1653,,frame,369,1361,2.5,ok,2057,,frame,170,1948,2.5,ok,4493,,frame,371,4441,2.5,error,,timeout_frame,segment,527,,,cc-czbq30x55knit.akamaized.net,4,950,2707,6.0,https://cc-czbq30x55knit.akamaized.net/v1/master/3722c60a815c199d9c0ef36c5b73da68a62b09d1/cc-czbq30x55knit/DIYC/PMSL/IN10/Epic_TV_IN_B/Epic_TV_IN_B.m3u8
116,ET Now,Business,Hindi,dead,Failed every attempt on Wi-Fi (2) and 4g (2),error,,levelLoadError,playlist,764,,,error,,levelLoadError,playlist,731,,,error,,levelLoadError,playlist,887,,,error,,levelLoadError,playlist,944,,,pubads.g.doubleclick.net,4,64,,,https://pubads.g.doubleclick.net/ssai/event/pJrzNyDoT_K_GwYQsijTsQ/master.m3u8
117,ETV News,News,Hindi,heavy-2g,Fails only on 2g,ok,1458,,frame,379,620,2.5,ok,4192,,frame,557,4115,0.7,ok,10512,,frame,528,10371,0.7,error,,timeout_frame,segment,532,,,cc-3448kp65yhc5w.akamaized.net,5,434,5493,10.0,https://cc-3448kp65yhc5w.akamaized.net/WWBI/Amagi/ETV_News_IN/playlist.m3u8
118,Goldmines,Movies,Hindi,ok,Plays everywhere tested,ok,2014,,frame,279,879,2.5,ok,1209,,frame,107,841,2.5,ok,2699,,frame,172,1923,2.5,ok,7444,,frame,571,5795,2.4,cdn-2.pishow.tv,2,691,955,4.0,https://cdn-2.pishow.tv/live/1459/master.m3u8
119,Goldmines 2,Movies,Hindi,ok,Plays everywhere tested,ok,1420,,frame,276,839,2.5,ok,1612,,frame,353,1306,2.4,ok,2844,,frame,341,2093,2.5,ok,7463,,frame,627,5780,2.5,cdn-2.pishow.tv,2,691,982,4.0,https://cdn-2.pishow.tv/live/1460/master.m3u8
120,GoodNews TV,Devotional,Hindi,heavy-2g,Fails only on 2g,ok,2585,,frame,931,2518,2.5,ok,2965,,frame,984,2906,2.5,ok,4950,,frame,1192,4894,2.5,error,,timeout_frame,segment,1163,,,bpgdlwwar3ze-hls-live.wmncdn.net,1,805,557,6.0,https://bpgdlwwar3ze-hls-live.wmncdn.net/goodnews/live.stream/playlist.m3u8
121,GTC News,News,Hindi,heavy,Plays on fast links only (fails on 3g),ok,3186,,frame,256,2251,2.5,ok,2427,,frame,252,2375,2.5,no_outcome,,no_outcome_32000,,,,,error,,timeout_frame,segment,532,,,vglivessai.akamaized.net,4,730,,2.0,https://vglivessai.akamaized.net/sg/v1/master/611d79b11b77e2f571934fd80ca1413453772ac7/921cca59-daee-4f89-8c38-7ffe8de44f4c/index.m3u8
122,GTC Punjabi,Entertainment,Punjabi,heavy-2g,Fails only on 2g,ok,1185,,frame,243,576,2.5,ok,1662,,frame,166,1591,2.5,ok,3669,,frame,278,3613,2.5,error,,timeout_frame,segment,634,,,gtc-yupp.vgcdn.net,4,770,558,6.0,https://gtc-yupp.vgcdn.net/vglive-sk-254807/index.m3u8
123,Guarantee News,News,Hindi,flaky,"Failed on 4g (both attempts), played on Wi-Fi",ok,1875,,frame,181,1741,2.4,error,,timeout_frame,segment,238,,,error,,timeout_frame,segment,295,,,error,,timeout_frame,segment,569,,,guaranteenews.in:8443,0,,3683,10.0,https://guaranteenews.in:8443/live/gnews/index.m3u8
124,Gyandarshan,Education,Hindi,ok,Plays everywhere tested,ok,842,,frame,51,333,2.5,ok,1314,,frame,188,907,2.5,ok,2653,,frame,277,2014,2.5,ok,7283,,frame,459,5512,2,cdn-6.pishow.tv,2,691,1013,4.0,https://cdn-6.pishow.tv/live/14/master.m3u8
126,Harvest TV,Devotional,Hindi,heavy-2g,Fails only on 2g,ok,2477,,frame,994,2345,2.5,ok,5324,,frame,952,5215,2.5,ok,7274,,frame,1323,7189,2.5,error,,timeout_frame,segment,969,,,7mbd4ogkr3gx-hls-live.wmncdn.net,1,1647,,6.1,https://7mbd4ogkr3gx-hls-live.wmncdn.net/harvesttvlive1/bbb19eae240ec100af921d511efc86a0.sdp/index.m3u8
127,Hebron TV,Devotional,Hindi,heavy,Plays on fast links only (fails on 3g),ok,748,,frame,218,585,2.5,ok,5665,,frame,222,5500,2.5,error,,timeout_frame,segment,290,,,error,,timeout_frame,segment,573,,,account20.livebox.co.in,0,,2304,5.9,https://account20.livebox.co.in/charleshls/live.m3u8
128,Hi Dost!,Entertainment,Hindi,heavy-2g,Fails only on 2g,ok,1749,,frame,257,862,2.5,ok,1402,,frame,90,944,2.5,ok,2258,,frame,172,1608,2.5,error,,timeout_frame,decoding,539,6806,,cdn-1.pishow.tv,2,691,950,4.0,https://cdn-1.pishow.tv/live/224/master.m3u8
129,High News,News,Hindi,heavy-2g,Fails only on 2g,ok,2350,,frame,676,2288,2.4,ok,3804,,frame,557,3627,2.5,ok,18450,,frame,641,18362,2.5,error,,timeout_frame,segment,855,,,highmedia.livebox.co.in,0,,1274,6.0,https://highmedia.livebox.co.in/HIGHNEWShls/LIVE.m3u8
130,Hindi Khabar,News,Hindi,ok,Plays everywhere tested,ok,1329,,frame,90,607,2.5,ok,1339,,frame,242,1007,2.4,ok,2837,,frame,351,2174,2.5,ok,7096,,frame,613,5427,2.5,cdn-2.pishow.tv,2,691,1031,4.0,https://cdn-2.pishow.tv/live/1041/master.m3u8
131,Hindu Dharmam,Devotional,Hindi,ok,Plays everywhere tested,ok,857,,frame,86,535,2.5,ok,1760,,frame,265,1252,2.5,ok,2827,,frame,330,2120,2.5,ok,7419,,frame,632,5769,2.5,cdn-1.pishow.tv,2,691,992,4.0,https://cdn-1.pishow.tv/live/959/master.m3u8
132,IBC 24,News,Hindi,ok,Plays everywhere tested,ok,892,,frame,173,449,2.5,ok,1624,,frame,209,1224,2.5,ok,2750,,frame,274,2039,2.5,ok,7439,,frame,560,5790,2,cdn-3.pishow.tv,2,691,994,4.0,https://cdn-3.pishow.tv/live/220/master.m3u8
133,India Daily Live,News,Hindi,heavy-2g,Fails only on 2g,ok,1459,,frame,292,607,2.5,ok,1641,,frame,246,1563,2.2,ok,3180,,frame,296,3067,2.5,error,,timeout_frame,segment,886,,,indiadaily.ottlive.co.in,4,1700,473,6.0,https://indiadaily.ottlive.co.in/indiadailylive/index.m3u8
135,India TV Speed News,News,Hindi,heavy-2g,Fails only on 2g,ok,817,,frame,120,485,2.5,ok,1524,,frame,145,1460,2.5,ok,3135,,frame,281,3072,2.4,error,,timeout_frame,segment,504,,,cc-lyf4c0hwzg5dd.akamaized.net,4,548,438,6.0,https://cc-lyf4c0hwzg5dd.akamaized.net/v1/master/3722c60a815c199d9c0ef36c5b73da68a62b09d1/cc-lyf4c0hwzg5dd/v1/vglive-sk-479089/main.m3u8
136,INFAST,Lifestyle,Hindi,heavy-2g,Fails only on 2g,ok,3269,,frame,246,1465,2.5,ok,2620,,frame,246,2556,2.4,ok,4649,,frame,249,4561,2.4,error,,timeout_frame,segment,536,,,amg00861-terninternation-lifestyle-samsungau-kdlyy.amagi.tv,4,986,704,6.0,https://amg00861-terninternation-lifestyle-samsungau-kdlyy.amagi.tv/playlist/amg00861-terninternation-lifestyle-samsungau/playlist.m3u8
137,INWILD,Documentary,English,ok,Plays everywhere tested,ok,2918,,frame,262,1377,2.5,ok,1846,,frame,312,1797,2.4,ok,6946,,frame,278,2870,2.4,ok,6668,,frame,537,6613,2.4,amg00861-terninternation-inwild-samsunguk-w5wic.amagi.tv,5,394,304,6.0,https://amg00861-terninternation-inwild-samsunguk-w5wic.amagi.tv/playlist/amg00861-terninternation-inwild-samsunguk/playlist.m3u8
138,InWonder,Science,English,heavy-2g,Fails only on 2g,ok,3425,,frame,321,1470,2.5,ok,1937,,frame,272,1881,2.5,ok,3151,,frame,238,3103,2.5,error,,timeout_frame,decoding,504,15423,,amg00861-terninternation-inwonder-samsungau-1k63k.amagi.tv,5,514,395,6.0,https://amg00861-terninternation-inwonder-samsungau-1k63k.amagi.tv/playlist/amg00861-terninternation-inwonder-samsungau/playlist.m3u8
139,Ishwar Bhakti TV,Devotional,Hindi,heavy-2g,Fails only on 2g,ok,3592,,frame,1039,3542,2.5,ok,3099,,frame,1034,3030,2.5,ok,4774,,frame,944,4671,2.5,error,,timeout_frame,segment,967,,,6n3yow8pl9ok-hls-live.5centscdn.com,1,839,628,6.0,https://6n3yow8pl9ok-hls-live.5centscdn.com/ishwartvlive/tv.stream/playlist.m3u8
140,Jan TV,DD,Hindi,ok,Plays everywhere tested,ok,881,,frame,139,410,2.5,ok,1437,,frame,201,985,2.5,ok,2675,,frame,272,1959,2.5,ok,7535,,frame,532,5805,2.5,cdn-6.pishow.tv,2,691,1029,4.0,https://cdn-6.pishow.tv/live/10004/master.m3u8
141,Janta TV,News,Hindi,heavy-2g,Fails only on 2g,ok,1398,,frame,528,1325,2.5,ok,3278,,frame,650,3200,2.5,ok,1574,,frame,307,1459,2.5,error,,timeout_frame,segment,481,,,live.jswk.online,1,770,464,8.1,https://live.jswk.online/IK_RTPM/live/index.m3u8
142,Jinvani Channel,Devotional,Hindi,ok,Plays everywhere tested,ok,2067,,frame,261,1212,2.5,ok,1462,,frame,284,1135,2.5,ok,2907,,frame,393,2194,2.5,ok,7568,,frame,580,5841,2.5,cdn-2.pishow.tv,2,691,1015,4.0,https://cdn-2.pishow.tv/live/989/master.m3u8
143,Joy TV,Devotional,Hindi,heavy,Plays on fast links only (fails on 3g),ok,1997,,frame,573,1926,2.5,ok,4053,,frame,487,3977,2.5,error,,timeout_frame,segment,568,,,error,,timeout_frame,segment,792,,,ktismaservers.in:3412,0,,1294,4.0,https://ktismaservers.in:3412/live/joytvlive.m3u8
144,K News India,News,Hindi,dead,Failed every attempt on Wi-Fi (2) and 4g (2),error,,timeout,connecting,,,,error,,timeout,connecting,,,,error,,timeout,connecting,,,,error,,timeout,connecting,,,,mumt02.tangotv.in,,,,,https://mumt02.tangotv.in/KNEWSINDIA/index.m3u8
145,Kashish News,News,Hindi,heavy,Plays on fast links only (fails on 3g),ok,2237,,frame,431,1936,2.5,ok,3155,,frame,381,3065,2.5,error,,timeout_frame,segment,434,,,error,,timeout_frame,segment,728,,,server.thelegitpro.in,1,1290,1207,8.0,https://server.thelegitpro.in/kashishnews/kashishnews/index.m3u8
146,Life TV,Devotional,Hindi,heavy,Plays on fast links only (fails on 3g),ok,618,,frame,194,541,2.5,ok,3573,,frame,216,3465,2.5,error,,timeout_frame,segment,407,,,error,,timeout_frame,segment,633,,,lifetv.livebox.co.in,0,,1495,5.4,https://lifetv.livebox.co.in/lifetvhls/lifetv.m3u8
147,Living India News,News,Punjabi,heavy-2g,Fails only on 2g,ok,1825,,frame,188,467,2.1,ok,1325,,frame,310,1229,2.5,ok,2640,,frame,303,2579,2.4,error,,timeout_frame,segment,566,,,stream.ottlive.co.in,4,490,335,6.0,https://stream.ottlive.co.in/livingindia/index.m3u8
148,Maha Movie,Movies,Hindi,ok,Plays everywhere tested,ok,1467,,frame,309,545,2.5,ok,894,,frame,183,432,2.5,ok,1404,,frame,308,759,2.5,ok,3448,,frame,551,1763,2.2,cdn-6.pishow.tv,2,691,21,4.0,https://cdn-6.pishow.tv/live/10007/master.m3u8
149,Maha Punjabi,Entertainment,Punjabi,ok,Plays everywhere tested,ok,724,,frame,158,331,2.5,ok,733,,frame,164,394,2.5,ok,1946,,frame,285,790,2.5,ok,3456,,frame,546,1749,2.1,cdn-4.pishow.tv,2,691,21,4.0,https://cdn-4.pishow.tv/live/1521/master.m3u8
150,MediBizTV,Education,Hindi,heavy-2g,Fails only on 2g,ok,2703,,frame,1146,2636,2.5,ok,3166,,frame,900,3103,2.5,ok,7613,,frame,1015,7512,2.5,error,,timeout_frame,segment,866,,,43wrzjnpqoxe-hls-live.wmncdn.net,1,1710,1060,6.7,https://43wrzjnpqoxe-hls-live.wmncdn.net/marinebiztvlive/marinebiztvlive/playlist.m3u8
151,Mercy TV,Devotional,Hindi,heavy,Plays on fast links only (fails on 3g),ok,1945,,frame,323,1863,2.5,ok,5254,,frame,361,5167,2.5,error,,timeout_frame,,,,,error,,timeout_frame,segment,5668,,,5dd3981940faa.streamlock.net,1,1895,2137,10.0,https://5dd3981940faa.streamlock.net/mercytv/mercytv/playlist.m3u8
152,Metro TV,DD,Hindi,heavy-2g,Fails only on 2g,ok,872,,frame,261,569,2.5,ok,2461,,frame,227,2410,2.5,ok,5889,,frame,253,5760,2.5,error,,timeout_frame,segment,802,,,mercury.streambridge.link:8042,1,1370,999,8.0,https://mercury.streambridge.link:8042/telugu/metrotv/index.m3u8
153,Mirror Now,News,Hindi,heavy-2g,Fails only on 2g,ok,2077,,frame,506,990,2.4,ok,3961,,frame,649,3894,2.5,ok,9132,,frame,478,9054,2.5,error,,timeout_frame,segment,1430,,,dai.google.com,2,911,1413,12.0,https://dai.google.com/linear/hls/event/ClPOullTQky5vGPf7fMZ8g/master.m3u8
154,MNTV,Entertainment,Hindi,heavy,Plays on fast links only (fails on 3g),ok,1054,,frame,316,978,2.5,ok,4018,,frame,563,3948,2.5,error,,timeout_frame,segment,385,,,error,,timeout_frame,segment,718,,,mntv.livebox.co.in,0,,1176,5.4,https://mntv.livebox.co.in/mntvhls/live.m3u8
155,Mr. Bean Animated,Animation,English,heavy-2g,Fails only on 2g,ok,4378,,frame,726,1630,2.5,ok,2977,,frame,177,2889,2.5,ok,4834,,frame,236,4602,2.5,error,,timeout_frame,decoding,704,2074,,amg00627-amg00627c23-samsung-au-4110.playouts.now.amagi.tv,4,814,469,6.0,https://amg00627-amg00627c23-samsung-au-4110.playouts.now.amagi.tv/playlist.m3u8
156,Nazara,Entertainment,Hindi,heavy-2g,Fails only on 2g,ok,1404,,frame,232,1010,2.5,ok,2606,,frame,325,2565,2.5,ok,5714,,frame,406,5642,2.5,error,,timeout_frame,segment,549,,,cc-p1izg43bk7sj5.akamaized.net,4,1241,3996,6.0,https://cc-p1izg43bk7sj5.akamaized.net/v1/master/3722c60a815c199d9c0ef36c5b73da68a62b09d1/cc-p1izg43bk7sj5/DIYC/PMSL/IN10/Nazara_IN_B/Nazara_IN_B.m3u8
158,NDTV Madhya Pradesh Chhattisgarh,News,Hindi,flaky,"Failed once on a fast link, played on the second attempt",error,,timeout_frame,decoding,201,954,,ok,2818,,frame,165,2774,2.5,ok,3545,,frame,230,3485,2.5,error,,timeout_frame,segment,519,,,ndtvregional.akamaized.net,5,548,436,6.0,https://ndtvregional.akamaized.net/hls/live/2102726-b/ndtvmpcg/master_1.m3u8
159,NDTV Profit,Business,Hindi,flaky,"Failed on 4g (both attempts), played on Wi-Fi",ok,368,,frame,97,256,2.5,error,,timeout_frame,segment,172,,,error,,timeout_frame,segment,260,,,error,,timeout_frame,segment,487,,,ndtvprofit.akamaized.net,0,,3947,6.0,https://ndtvprofit.akamaized.net/hls/live/2107404/ndtvprofit/chunklist_5.m3u8
160,NDTV Rajasthan,News,Hindi,flaky,"Failed on Wi-Fi (both attempts), played on 4g",error,,timeout_frame,decoding,181,276,,ok,1381,,frame,195,1286,0.8,ok,3328,,frame,226,3252,2.5,error,,timeout_frame,segment,655,,,ndtvregional.akamaized.net,5,548,460,6.0,https://ndtvregional.akamaized.net/hls/live/2102726-b/ndtvraj/master_1.m3u8
161,Network 10,DD,Hindi,heavy-2g,Fails only on 2g,ok,1937,,frame,590,1838,2.5,ok,2895,,frame,490,2795,1,ok,5557,,frame,606,5452,0.2,error,,timeout_frame,segment,817,,,network10.livebox.co.in,0,,832,5.9,https://network10.livebox.co.in/network10hls/live.m3u8
162,News 1 India,News,Hindi,heavy,Plays on fast links only (fails on 3g),ok,473,,frame,141,307,2.5,ok,2666,,frame,140,2592,2.5,error,,timeout_frame,segment,210,,,error,,timeout_frame,segment,501,,,d1msejlow1t3l4.cloudfront.net,1,2227,1089,4.0,https://d1msejlow1t3l4.cloudfront.net/fta/news1india/playlist.m3u8
163,News 1st,News,Hindi,ok,Plays everywhere tested,ok,899,,frame,151,444,2.5,ok,1281,,frame,202,948,2.5,ok,2658,,frame,286,1931,2.5,ok,7534,,frame,525,5784,2.5,cdn-3.pishow.tv,2,691,989,4.0,https://cdn-3.pishow.tv/live/268/master.m3u8
164,News9Live,News,Hindi,heavy,Plays on fast links only (fails on 3g),ok,3316,,frame,94,1393,2.5,ok,1965,,frame,206,1898,2.5,no_outcome,,no_outcome_32000,,,,,error,,timeout_frame,segment,515,,,amg01106-amg01106c3-amgplt0844.playout.now3.amagi.tv,5,455,3319,6.0,https://amg01106-amg01106c3-amgplt0844.playout.now3.amagi.tv/ts-ap-s1-n1/playlist/amg01106-amg01106c3-amgplt0844/playlist.m3u8
165,News 11,DD,Hindi,dead,Failed every attempt on Wi-Fi (2) and 4g (2),error,,timeout,connecting,,,,error,,timeout,connecting,,,,error,,timeout,connecting,,,,error,,timeout,connecting,,,,mumt02.tangotv.in,,,,,https://mumt02.tangotv.in/NEWS11BHARAT/index.m3u8
166,News Daily 24,News,Hindi,ok,Plays everywhere tested,ok,1180,,frame,179,516,2.5,ok,1299,,frame,190,901,2.5,ok,2823,,frame,297,2096,2.5,ok,7740,,frame,599,6000,2.5,cdn-6.pishow.tv,2,691,1004,4.0,https://cdn-6.pishow.tv/live/10009/master.m3u8
167,News Nation,News,Hindi,ok,Plays everywhere tested,ok,538,,frame,32,227,2.5,ok,870,,frame,102,798,2.5,ok,2065,,frame,202,1964,2.5,ok,5091,,frame,515,5030,2.5,d3qs3d2rkhfqrt.cloudfront.net,5,291,,6.0,https://d3qs3d2rkhfqrt.cloudfront.net/out/v1/6cd2f649739a45ca9de1daf81cc7d0f2/index.m3u8
168,Nireekshana TV,Devotional,Hindi,ok,Plays everywhere tested,ok,1971,,frame,250,758,2.5,ok,1311,,frame,98,910,2.5,ok,2724,,frame,303,2053,2.5,ok,7543,,frame,646,5856,2.5,cdn-1.pishow.tv,2,691,1012,4.0,https://cdn-1.pishow.tv/live/965/master.m3u8
169,NK TV 24x7,News,Hindi,heavy,Plays on fast links only (fails on 3g),ok,721,,frame,220,352,2.5,ok,9369,,frame,229,4238,2.5,error,,timeout_frame,segment,277,,,error,,timeout_frame,segment,534,,,nktv.smartstream.video,0,,1501,5.9,https://nktv.smartstream.video/smartstream-us/nktvplus/nktvplus/chunks.m3u8
170,NTC TV,Entertainment,Hindi,flaky,"Failed once on a fast link, played on the second attempt",ok,5788,,frame,966,5574,2.5,error,,timeout_frame,segment,632,,,error,,timeout_frame,segment,618,,,error,,timeout_frame,segment,611,,,galaxyott.live,0,,4388,9.4,https://galaxyott.live/hls/ntv.m3u8
171,Onkar Only Truth TV,News,Hindi,dead,Failed every attempt on Wi-Fi (2) and 4g (2),error,,manifestLoadError,connecting,,,,error,,manifestLoadError,connecting,,,,error,,manifestLoadError,connecting,,,,error,,manifestLoadError,connecting,,,,5dd3981940faa.streamlock.net,,,,,https://5dd3981940faa.streamlock.net/onkarentertainment/onkarentertainment/playlist.m3u8
172,Oscar Movies Bhojpuri,Movies,Bhojpuri,ok,Plays everywhere tested,ok,1220,,frame,199,508,2.5,ok,1330,,frame,200,912,2.5,ok,2669,,frame,261,1996,2.5,ok,7161,,frame,430,5381,2.5,cdn-4.pishow.tv,2,691,1011,4.0,https://cdn-4.pishow.tv/live/233/master.m3u8
173,Peace TV Urdu,Devotional,Urdu,heavy-2g,Fails only on 2g,ok,5901,,frame,678,4720,2.4,ok,3182,,frame,726,3126,2.5,ok,4182,,frame,718,4100,2.5,error,,timeout_frame,segment,1221,,,dzkyvlfyge.erbvr.com,4,550,382,6.0,https://dzkyvlfyge.erbvr.com/PeaceTvUrdu/index.m3u8
174,Pravasi Channel,Undefined,Hindi,heavy-2g,Fails only on 2g,ok,1202,,frame,409,1132,2.5,ok,2716,,frame,557,2632,2.5,ok,5904,,frame,359,5822,2.5,error,,timeout_frame,segment,539,,,m6gdavepdn93-hls-live.5centscdn.com,1,1117,821,6.0,https://m6gdavepdn93-hls-live.5centscdn.com/pravasi/d0dbe915091d400bd8ee7f27f0791303.sdp/playlist.m3u8
175,Prime News,News,Hindi,dead,Failed every attempt on Wi-Fi (2) and 4g (2),error,,timeout,connecting,,,,error,,timeout,connecting,,,,error,,timeout,connecting,,,,error,,timeout,connecting,,,,mumt02.tangotv.in,,,,,https://mumt02.tangotv.in/PRIMENEWS/index.m3u8
176,Prudent Media,News,Hindi,flaky,"Failed once on a fast link, played on the second attempt",error,,manifestLoadError,connecting,,,,error,,manifestLoadError,connecting,,,,ok,3911,,frame,405,3834,1.6,error,,levelLoadError,segment,668,,,prudentmcdn.rixcast.com,0,,606,2.0,https://prudentmcdn.rixcast.com/prudentm.m3u8
177,PTC Chakde,Music,Punjabi,ok,Plays everywhere tested,ok,1299,,frame,262,685,2.5,ok,1477,,frame,106,990,2.5,ok,2586,,frame,180,1859,2.2,ok,7123,,frame,566,5461,0.5,cdn-1.pishow.tv,2,691,1010,4.0,https://cdn-1.pishow.tv/live/449/master.m3u8
178,PTC News,News,Punjabi,ok,Plays everywhere tested,ok,1037,,frame,51,283,2.5,ok,1291,,frame,196,914,2.5,ok,2715,,frame,299,1982,2.5,ok,7589,,frame,551,5874,1.1,cdn-4.pishow.tv,2,691,1009,4.0,https://cdn-4.pishow.tv/live/1502/master.m3u8
179,PTC Punjabi,Entertainment,Punjabi,ok,Plays everywhere tested,ok,555,,frame,103,301,2.5,ok,912,,frame,149,828,2.5,ok,1904,,frame,226,1868,2.5,ok,6496,,frame,537,6277,2.5,d3qs3d2rkhfqrt.cloudfront.net,5,290,184,6.0,https://d3qs3d2rkhfqrt.cloudfront.net/out/v1/3e22a9c278db4e3eb779afd42e41b0a6/index.m3u8
180,PTC Punjabi Gold,Entertainment,Punjabi,ok,Plays everywhere tested,ok,1333,,frame,147,858,2.5,ok,939,,frame,93,852,2.5,ok,1864,,frame,171,1783,2.4,ok,5443,,frame,451,5395,2.5,d3qs3d2rkhfqrt.cloudfront.net,5,290,,6.0,https://d3qs3d2rkhfqrt.cloudfront.net/out/v1/6e14bac6d0384e129521a4d005188bfb/index.m3u8
181,PTC Simran,Devotional,Punjabi,ok,Plays everywhere tested,ok,1218,,frame,173,457,2.5,ok,1177,,frame,194,858,2.5,ok,2797,,frame,276,2070,2.4,ok,7455,,frame,535,5715,0.8,cdn-6.pishow.tv,2,691,1017,4.0,https://cdn-6.pishow.tv/live/1503/master.m3u8
182,Qello Concerts by Stingray,Music,English,ok,Plays everywhere tested,ok,3173,,frame,547,1635,2.5,ok,3000,,frame,750,2964,2.5,ok,2454,,frame,723,2379,2.5,ok,4673,,frame,719,4460,2.5,lotus.stingray.com,5,211,626,5.9,https://lotus.stingray.com/manifest/qello-qello001-montreal/samsungtvplus/master.m3u8
183,Raftaar Media,Undefined,Hindi,heavy,Plays on fast links only (fails on 3g),ok,1853,,frame,655,1766,2.4,ok,4923,,frame,406,4844,2.5,error,,timeout_frame,segment,717,,,error,,timeout_frame,segment,685,,,6n3yorwpy9ok-hls-live.5centscdn.com,1,1613,1256,6.4,https://6n3yorwpy9ok-hls-live.5centscdn.com/raftaarmedia/243bd1ce0387f18005abfc43b001646a.sdp/playlist.m3u8
185,Republic Bharat,News,Hindi,heavy-2g,Fails only on 2g,ok,3241,,frame,377,1397,2.5,ok,2186,,frame,180,2123,2.5,ok,3975,,frame,252,3932,2.5,error,,timeout_frame,segment,510,,,raw.githubusercontent.com,4,768,574,6.0,https://raw.githubusercontent.com/amazeyourself/adaptive-streams/refs/heads/main/streams/in/YuppTV/RepublicBharat.m3u8
186,Rozana Spokesman,News,Punjabi,flaky,"Failed once on a fast link, played on the second attempt",ok,1009,,frame,309,862,2.5,error,,timeout_frame,segment,235,,,error,,timeout_frame,segment,445,,,error,,timeout_frame,segment,556,,,live1.ottlive.co.in,1,4350,3120,6.2,https://live1.ottlive.co.in/spokesman/spokesman/index.m3u8
187,Saam TV,Undefined,Marathi,ok,Plays everywhere tested,ok,958,,frame,142,419,2.5,ok,1284,,frame,220,988,2.5,ok,2800,,frame,299,2121,2.5,ok,7383,,frame,551,5666,2.5,cdn-3.pishow.tv,2,691,1022,4.0,https://cdn-3.pishow.tv/live/437/master.m3u8
188,Sadhna,Devotional,Hindi,heavy-2g,Fails only on 2g,ok,2465,,frame,1222,2409,2.5,ok,2528,,frame,498,2466,2.5,ok,4704,,frame,982,4622,2.5,error,,timeout_frame,segment,1221,,,6n3yow8pl9ok-hls-live.5centscdn.com,1,827,590,6.0,https://6n3yow8pl9ok-hls-live.5centscdn.com/sadhanalivetv/live.stream/playlist.m3u8
189,Sadhna Plus News,News,Hindi,heavy-2g,Fails only on 2g,ok,2431,,frame,991,2312,2.5,ok,4271,,frame,1041,4126,2.5,ok,7273,,frame,1013,7179,2.5,error,,timeout_frame,segment,799,,,6n3yow8pl9ok-hls-live.5centscdn.com,1,1400,1018,6.0,https://6n3yow8pl9ok-hls-live.5centscdn.com/sadhananewstv/live.stream/playlist.m3u8
190,Salaam TV,News,Urdu,heavy-2g,Fails only on 2g,ok,273,,frame,123,209,2.5,ok,3040,,frame,188,2966,2.5,ok,16736,,frame,228,16592,2.5,error,,timeout_frame,segment,517,,,d2o3r1shda7xvv.cloudfront.net,0,,,6.0,https://d2o3r1shda7xvv.cloudfront.net/index_5.m3u8
191,Salvation TV,Devotional,Hindi,heavy,Plays on fast links only (fails on 3g),ok,2246,,frame,548,1994,2.5,ok,12465,,frame,784,12322,2.1,error,,timeout_frame,segment,561,,,error,,timeout_frame,segment,826,,,ktismaservers.in:3902,0,,2351,4.0,https://ktismaservers.in:3902/live/salvationtvlive.m3u8
192,Sana Plus,Music,Hindi,flaky,"Failed on 4g (both attempts), played on Wi-Fi",ok,798,,frame,219,675,2.5,error,,timeout_frame,segment,196,,,error,,timeout_frame,segment,259,,,error,,manifestLoadError,connecting,,,,mumbai-edge.smartplaytv.in,1,4990,3924,7.4,https://mumbai-edge.smartplaytv.in/SanaPlusHD/index.m3u8
193,Sana TV,Entertainment,Hindi,heavy-2g,Fails only on 2g,ok,3122,,frame,1999,3026,2.4,ok,5588,,frame,371,5519,1.9,ok,7917,,frame,857,7762,1.3,error,,timeout_frame,segment,960,,,vglivessai.akamaized.net,1,5480,4063,5.9,https://vglivessai.akamaized.net/us/v1/master/611d79b11b77e2f571934fd80ca1413453772ac7/b6d9e864-ec16-410a-804d-ccf8f720bfaa/index.m3u8
194,Sangeet Marathi,Music,Marathi,ok,Plays everywhere tested,ok,895,,frame,144,416,2.4,ok,1334,,frame,245,985,2.5,ok,2798,,frame,285,2080,2.5,ok,7673,,frame,490,5968,2.5,cdn-3.pishow.tv,2,691,1011,4.0,https://cdn-3.pishow.tv/live/1229/master.m3u8
195,Sankara TV,Devotional,Hindi,ok,Plays everywhere tested,ok,1261,,frame,129,434,2.5,ok,1184,,frame,92,767,2.5,ok,2746,,frame,240,2023,2.5,ok,7480,,frame,563,5799,2.5,cdn-3.pishow.tv,2,691,1004,4.0,https://cdn-3.pishow.tv/live/1135/master.m3u8
196,Sansad TV 1,Legislative,Hindi,heavy-2g,Fails only on 2g,ok,2570,,frame,62,198,2.5,ok,1511,,frame,161,1419,0.9,ok,3315,,frame,220,3251,2.5,error,,timeout_frame,segment,489,,,playhls.media.nic.in,2,392,3257,10.0,https://playhls.media.nic.in/hls/live/lstv/lstv.m3u8
197,Sansad TV 1 HD,Legislative,Hindi,ok,Plays everywhere tested,ok,1232,,frame,124,380,2.5,ok,1122,,frame,197,1067,2.5,ok,2040,,frame,212,1988,2.5,ok,5864,,frame,486,5763,2.5,d2lk5u59tns74c.cloudfront.net,5,400,,6.0,https://d2lk5u59tns74c.cloudfront.net/out/v1/fff8f20221d5456e8922e689d71dedc3/index.m3u8
198,Sansad TV 2,Legislative,Hindi,ok,Plays everywhere tested,ok,805,,frame,65,164,2.5,ok,1007,,frame,179,932,2.5,ok,1934,,frame,224,1829,2.5,ok,5405,,frame,535,5364,2.4,d2lk5u59tns74c.cloudfront.net,5,401,341,6.0,https://d2lk5u59tns74c.cloudfront.net/out/v1/e4182054dce340da9e0ff38b6b3658a4/index.m3u8
199,Sanskar TV,Culture,Hindi,ok,Plays everywhere tested,ok,831,,frame,108,308,2.4,ok,1078,,frame,147,1016,2.4,ok,2495,,frame,242,2428,2.5,ok,6970,,frame,497,6905,2.5,d26idhjf0y1p2g.cloudfront.net,5,401,878,6.0,https://d26idhjf0y1p2g.cloudfront.net/out/v1/cd66dd25b9774cb29943bab54bbf3e2f/index.m3u8
201,Santvani Channel,Undefined,Hindi,ok,Plays everywhere tested,ok,1976,,frame,304,832,2.5,ok,1585,,frame,286,1183,2.4,ok,2696,,frame,312,2080,2.5,ok,7514,,frame,620,5838,2.4,cdn-2.pishow.tv,2,691,1002,4.0,https://cdn-2.pishow.tv/live/475/master.m3u8
202,Satsang TV,Devotional,Hindi,ok,Plays everywhere tested,ok,1098,,frame,259,608,2.4,ok,1000,,frame,135,962,2.5,ok,1906,,frame,223,1856,2.5,ok,5403,,frame,487,5316,2.5,d2vfwvjxwtwq1t.cloudfront.net,5,401,,6.0,https://d2vfwvjxwtwq1t.cloudfront.net/out/v1/6b24239d5517495b986e7705490c6e65/index.m3u8
203,Satsang Web TV,Devotional,Hindi,ok,Plays everywhere tested,ok,932,,frame,117,418,2.5,ok,1036,,frame,157,986,2.5,ok,2369,,frame,260,2315,2.4,ok,6564,,frame,498,6521,2.5,d1ji7e9jbzm5g8.cloudfront.net,2,436,1033,6.0,https://d1ji7e9jbzm5g8.cloudfront.net/out/v1/769f22f64d80442889306b9c4abea63c/index.m3u8
204,Shalom,Devotional,Hindi,heavy-2g,Fails only on 2g,ok,1064,,frame,235,502,2.5,ok,1282,,frame,197,1211,2.5,ok,2672,,frame,230,2616,2.5,error,,timeout_frame,segment,495,,,d2c4zqo2rb5uf1.cloudfront.net,4,581,2010,6.0,https://d2c4zqo2rb5uf1.cloudfront.net/master.m3u8
205,Shekinah TV,Undefined,Hindi,heavy,Plays on fast links only (fails on 3g),ok,4337,,frame,723,3161,2.5,ok,6118,,frame,667,5749,1.9,error,,timeout_frame,segment,693,,,error,,timeout_frame,segment,732,,,livetv.timeiptv.in,1,2261,2304,7.9,https://livetv.timeiptv.in/ShekinahNewsIndia/955ad3298db330b5ee880c2c9e6f23a0.sdp/playlist.m3u8
206,Shemaroo TV,Entertainment,Hindi,ok,Plays everywhere tested,ok,959,,frame,157,458,2.5,ok,1205,,frame,92,829,2.5,ok,2906,,frame,275,2147,2.5,ok,7254,,frame,548,5525,2.5,cdn-3.pishow.tv,2,691,1036,4.0,https://cdn-3.pishow.tv/live/230/master.m3u8
207,Shubh TV,Undefined,Hindi,heavy-2g,Fails only on 2g,ok,749,,frame,111,208,2.5,ok,1459,,frame,179,1413,2.5,ok,3418,,frame,216,3337,2.5,error,,timeout_frame,segment,489,,,d2g1vdc6ozl2o8.cloudfront.net,4,876,1246,6.0,https://d2g1vdc6ozl2o8.cloudfront.net/out/v1/0a0dc7d7911b4fddbb4dfc963fdd4b9e/index.m3u8
208,South Station,Movies,Hindi,heavy-2g,Fails only on 2g,ok,1144,,frame,162,814,2.5,ok,2177,,frame,394,1888,2.5,ok,3579,,frame,370,1859,2.5,error,,timeout_frame,decoding,550,2331,,cc-yw7ztecy8do3q.akamaized.net,4,814,534,5.9,https://cc-yw7ztecy8do3q.akamaized.net/v1/master/3722c60a815c199d9c0ef36c5b73da68a62b09d1/cc-yw7ztecy8do3q/SS_IN.m3u8
209,Starnet,DD,Hindi,dead,Failed every attempt on Wi-Fi (2) and 4g (2),error,,manifestLoadError,connecting,,,,error,,manifestLoadError,connecting,,,,error,,manifestLoadError,connecting,,,,error,,manifestLoadError,connecting,,,,5a1178b42cc03.streamlock.net,,,,,https://5a1178b42cc03.streamlock.net/8220/8220/playlist.m3u8
210,Stingray Classic Rock,Music,English,heavy-2g,Fails only on 2g,ok,2796,,frame,571,1489,2.5,ok,2190,,frame,612,2092,2.5,ok,3857,,frame,633,3765,2.5,error,,timeout_frame,segment,741,,,lotus.stingray.com,2,691,465,6.0,https://lotus.stingray.com/manifest/ose-101ads-montreal/samsungtvplus/master.m3u8
211,Stingray DJAZZ,Music,English,ok,Plays everywhere tested,ok,3150,,frame,595,2920,2.5,ok,1978,,frame,627,1912,2.5,ok,2412,,frame,737,2330,2.5,ok,4589,,frame,717,4386,2.5,lotus.stingray.com,5,211,601,5.7,https://lotus.stingray.com/manifest/djazz-djaads-montreal/samsungtvplus/master.m3u8
212,Stingray Easy Listening,Music,English,heavy-2g,Fails only on 2g,ok,2184,,frame,594,2129,2.5,ok,1901,,frame,318,1842,2.5,ok,3627,,frame,301,3573,2.4,error,,timeout_frame,segment,724,,,lotus.stingray.com,2,691,445,6.0,https://lotus.stingray.com/manifest/ose-137ads-montreal/samsungtvplus/master.m3u8
213,Stingray Naturescape,Music,English,ok,Plays everywhere tested,ok,3272,,frame,726,2000,2.5,ok,2082,,frame,753,2035,2.5,ok,2433,,frame,621,2375,2.5,ok,4253,,frame,429,4203,2.5,lotus.stingray.com,5,211,591,6.0,https://lotus.stingray.com/manifest/naturescape-a003-montreal/samsungtvplus/master.m3u8
214,Stingray The Spa,Music,English,heavy-2g,Fails only on 2g,ok,2538,,frame,295,1435,2.5,ok,2172,,frame,322,2124,2.5,ok,3788,,frame,300,3638,2.5,error,,timeout_frame,segment,765,,,lotus.stingray.com,2,691,485,6.0,https://lotus.stingray.com/manifest/ose-122ads-montreal/samsungtvplus/master.m3u8
215,Stingray Today's KPOP,Music,English,heavy-2g,Fails only on 2g,ok,2653,,frame,285,1454,2.5,ok,2280,,frame,350,2228,2.5,ok,3758,,frame,325,3695,2.5,error,,timeout_frame,segment,694,,,lotus.stingray.com,2,691,476,6.0,https://lotus.stingray.com/manifest/ose-317ads-montreal/samsungtvplus/master.m3u8
216,Studio One +,Movies,Hindi,ok,Plays everywhere tested,ok,2556,,frame,304,1003,2.5,ok,1603,,frame,261,1205,2.4,ok,2732,,frame,341,2067,2.5,ok,7388,,frame,629,5790,2.4,cdn-1.pishow.tv,2,691,941,4.0,https://cdn-1.pishow.tv/live/276/master.m3u8
217,Subhavaartha TV,Devotional,Hindi,heavy-2g,Fails only on 2g,ok,2188,,frame,932,2062,2.5,ok,2914,,frame,992,2848,2.5,ok,4779,,frame,1139,4707,2.5,error,,timeout_frame,segment,937,,,2mk9qae4rwyb-hls-live.wmncdn.net,1,786,587,6.0,https://2mk9qae4rwyb-hls-live.wmncdn.net/shubhavartha/live.stream/playlist.m3u8
218,Swadesh News,News,Hindi,ok,Plays everywhere tested,ok,1349,,frame,89,589,2.5,ok,1286,,frame,103,948,2.5,ok,2943,,frame,335,2246,2.5,ok,7490,,frame,577,5785,2.3,cdn-2.pishow.tv,2,691,1008,4.0,https://cdn-2.pishow.tv/live/465/master.m3u8
219,Swatantra TV,News,Hindi,heavy,Plays on fast links only (fails on 3g),ok,702,,frame,248,621,2.5,ok,4694,,frame,243,4593,0.3,error,,timeout_frame,segment,352,,,error,,timeout_frame,segment,590,,,mumbai-edge.smartplaytv.in,1,2810,1992,6.0,https://mumbai-edge.smartplaytv.in/SwatantraTV/index.m3u8
220,Taaza TV,Undefined,Hindi,heavy,Plays on fast links only (fails on 3g),ok,1277,,frame,312,1167,2.5,ok,3779,,frame,252,3697,2.5,error,,timeout_frame,segment,309,,,error,,timeout_frame,segment,436,,,live.we2live.in,1,1460,1122,6.0,https://live.we2live.in/taazatv/live/playlist.m3u8
221,Tabbar Hits,Music,Punjabi,heavy-2g,Fails only on 2g,ok,1713,,frame,317,687,2.5,ok,1653,,frame,299,1584,2.5,ok,3613,,frame,335,3552,2.5,error,,timeout_frame,segment,521,,,vglivessai.akamaized.net,4,490,373,6.0,https://vglivessai.akamaized.net/sg/v1/master/611d79b11b77e2f571934fd80ca1413453772ac7/e11b0319-52e8-4190-ab03-3931cc68eac9/index.m3u8
222,Tehzeeb TV,Undefined,Urdu,ok,Plays everywhere tested,ok,1544,,frame,49,404,2.5,ok,1269,,frame,172,916,2.5,ok,2746,,frame,268,2028,2.5,ok,7442,,frame,523,5753,2.5,cdn-4.pishow.tv,2,691,940,4.0,https://cdn-4.pishow.tv/live/239/master.m3u8
224,The Movie Club +2,Movies,Hindi,heavy-2g,Fails only on 2g,ok,1138,,frame,245,595,2.5,ok,1759,,frame,152,1483,2.5,ok,3259,,frame,248,1655,2.5,error,,timeout_frame,decoding,475,2172,,d3gnyty2vddhsg.cloudfront.net,4,814,553,5.4,https://d3gnyty2vddhsg.cloudfront.net/v1/master/3722c60a815c199d9c0ef36c5b73da68a62b09d1/pb-ytipwjqub3kf8/TMC2_IN.m3u8?ads.ads_cdn=cf&ads.cdn=cf
225,The Pet Collective,Family,English,heavy,Plays on fast links only (fails on 3g),ok,2993,,frame,655,1770,2.5,ok,3534,,frame,590,3474,2.5,error,,timeout_frame,segment,570,,,ok,6808,,frame,766,6732,2.5,the-pet-collective-international-in.samsung.wurl.tv,3,922,528,6.0,https://the-pet-collective-international-in.samsung.wurl.tv/playlist.m3u8
226,Times Now Navbharat,News,Hindi,heavy-2g,Fails only on 2g,ok,2448,,frame,172,1140,2.5,ok,2181,,frame,100,2131,2.5,ok,4156,,frame,175,4107,2.5,error,,timeout_frame,segment,509,,,raw.githubusercontent.com,4,600,565,6.0,https://raw.githubusercontent.com/amazeyourself/adaptive-streams/refs/heads/main/streams/in/YuppTV/TimesNowNavbharat.m3u8
227,TNP News,News,Hindi,heavy,Plays on fast links only (fails on 3g),ok,1823,,frame,335,1609,2.5,ok,5110,,frame,614,5007,2.5,error,,timeout_frame,segment,434,,,error,,fragLoadTimeOut,segment,739,,,server.thelegitpro.in,1,3330,2097,6.0,https://server.thelegitpro.in/tnpnews/tnpnews/index.m3u8
228,Total Bhakti,Devotional,Hindi,ok,Plays everywhere tested,ok,510,,frame,115,197,2.5,ok,1109,,frame,151,1032,2.5,ok,2035,,frame,219,1991,2.5,ok,5728,,frame,490,5657,2.5,d34z4embz0hjf6.cloudfront.net,2,436,679,6.0,https://d34z4embz0hjf6.cloudfront.net/out/v1/d55b3323a9f142638f897378f0b526fe/index.m3u8
229,Total TV Haryana,Undefined,Hindi,ok,Plays everywhere tested,ok,1770,,frame,283,798,2.5,ok,1534,,frame,264,1144,2.5,ok,2762,,frame,341,2096,2.5,ok,18906,,frame,420,5641,2.4,cdn-2.pishow.tv,2,691,1012,4.0,https://cdn-2.pishow.tv/live/1522/master.m3u8
230,Tunes 6,Music,Hindi,dead,Failed every attempt on Wi-Fi (2) and 4g (2),error,,manifestLoadError,connecting,,,,error,,timeout,connecting,,,,error,,timeout,connecting,,,,error,,timeout,connecting,,,,stream.d6-pro.com,,,,,https://stream.d6-pro.com/tunes6music/live/video.m3u8
231,TV9 Bharatvarsh,News,Hindi,ok,Plays everywhere tested,ok,738,,frame,137,273,2.5,ok,1241,,frame,162,1200,2.5,ok,2618,,frame,238,2517,2.4,ok,6884,,frame,587,6832,2.5,dyjmyiv3bp2ez.cloudfront.net,3,512,1322,6.0,https://dyjmyiv3bp2ez.cloudfront.net/pub-iotv9hinjzgtpe/liveabr/playlist.m3u8
232,TV9 Marathi,News,Marathi,heavy-2g,Fails only on 2g,ok,562,,frame,161,332,2.5,ok,1733,,frame,190,1650,2.5,ok,3640,,frame,222,3524,2.4,error,,timeout_frame,segment,497,,,dyjmyiv3bp2ez.cloudfront.net,3,512,1052,6.0,https://dyjmyiv3bp2ez.cloudfront.net/pub-iotv9marlygv8h/liveabr/playlist.m3u8
233,TV BRICS English,DD,English,flaky,"Failed on 4g (both attempts), played on Wi-Fi",ok,4054,,frame,1895,3882,2.4,error,,timeout_frame,segment,1086,,,error,,timeout_frame,segment,1067,,,error,,timeout_frame,segment,1236,,,engbrics.mediacdn.ru,1,5700,4976,6.0,https://engbrics.mediacdn.ru/cdn/brics/english/playlist.m3u8
234,Ultimate TV,Music,Hindi,flaky,"Failed on 4g (both attempts), played on Wi-Fi",ok,882,,frame,154,725,2.5,error,,timeout_frame,segment,157,,,error,,fragLoadTimeOut,segment,232,,,error,,timeout_frame,segment,695,,,stream.ottlive.co.in,1,6580,4212,5.5,https://stream.ottlive.co.in/utvtamil/index.m3u8
235,Vedic,Devotional,Hindi,ok,Plays everywhere tested,ok,1906,,frame,132,1136,2.5,ok,1492,,frame,294,1383,2.5,ok,1696,,frame,314,1652,2.5,ok,3954,,frame,518,3903,2.5,aasthaott.akamaized.net,5,264,150,4.0,https://aasthaott.akamaized.net/110923/smil:vedic.smil/playlist.m3u8
237,VIP News,News,Hindi,heavy-2g,Fails only on 2g,ok,2166,,frame,925,2080,2.5,ok,4333,,frame,783,4282,2.5,ok,7017,,frame,974,6951,2.5,error,,timeout_frame,segment,795,,,live.vipnews24x7.co.in,1,1278,898,6.0,https://live.vipnews24x7.co.in/vipnews24x7/d0dbe915091d400bd8ee7f27f0791303.sdp/playlist.m3u8
238,Vyas NIC,Education,Hindi,heavy-2g,Fails only on 2g,ok,947,,frame,102,244,2.5,ok,1314,,frame,134,1255,1.6,ok,2676,,frame,191,2631,2.5,error,,timeout_frame,segment,512,,,playhls.media.nic.in,2,392,1385,10.5,https://playhls.media.nic.in/hls/live/vyas/vyas.m3u8
239,Weatherspy,Weather,English,heavy-2g,Fails only on 2g,ok,2547,,frame,556,1647,2.5,ok,3930,,frame,826,3829,2.5,ok,5739,,frame,716,5620,2.5,error,,timeout_frame,segment,728,,,jukin-weatherspy-2-in.samsung.wurl.tv,3,922,426,5.9,https://jukin-weatherspy-2-in.samsung.wurl.tv/playlist.m3u8
240,Win TV,Undefined,Hindi,ok,Plays everywhere tested,ok,911,,frame,136,405,2.5,ok,1282,,frame,93,828,2.5,ok,2655,,frame,271,2028,2.5,ok,7352,,frame,520,5602,2.5,cdn-4.pishow.tv,2,691,1003,4.0,https://cdn-4.pishow.tv/live/1531/master.m3u8
241,YRF Music,Music,Hindi,ok,Plays everywhere tested,ok,1820,,frame,815,1180,2.5,ok,1608,,frame,562,1552,2.5,ok,2281,,frame,589,2236,2.5,ok,5769,,frame,1004,5727,2.5,cdn-uw2-prod.tsv2.amagi.tv,6,498,2719,3.7,https://cdn-uw2-prod.tsv2.amagi.tv/linear/amg01412-xiaomiasia-yrfmusic-xiaomi/playlist.m3u8
242,Zainabia Channel,Devotional,Urdu,heavy,Plays on fast links only (fails on 3g),ok,934,,frame,187,789,2.5,ok,6255,,frame,223,6103,2.5,error,,timeout_frame,segment,350,,,error,,timeout_frame,segment,598,,,zainabia.livebox.co.in,0,,2801,8.3,https://zainabia.livebox.co.in/ZainabiaChannelhls/channel.m3u8
243,Zee 24 Kalak,News,Hindi,heavy-2g,Fails only on 2g,ok,483,,frame,255,376,2.5,ok,2433,,frame,228,2292,2.5,ok,5707,,frame,249,5642,2.5,error,,timeout_frame,segment,562,,,vg-zeefta.akamaized.net,0,,1125,4.0,https://vg-zeefta.akamaized.net/ptnr-yupptv/title-zee24kalak/v1/manifest/611d79b11b77e2f571934fd80ca1413453772ac7/497f7199-758d-495d-9d2f-a5489231c428/14b7c8ec-16da-47f2-8d7e-5bbaec67b3e2/3.m3u8
245,Zee Delhi NCR Haryana,News,Hindi,ok,Plays everywhere tested,ok,990,,frame,295,594,2.5,ok,1219,,frame,401,1165,2.5,ok,2043,,frame,336,1968,2.5,ok,5114,,frame,537,5048,2.5,vg-zeefta.akamaized.net,4,364,213,4.0,https://vg-zeefta.akamaized.net/ptnr-yupptv/title-zeedelhincr/v1/master/611d79b11b77e2f571934fd80ca1413453772ac7/cc483a15-1b39-4642-872d-5d08d362ed01/main.m3u8
246,Zee Madhya Pradesh Chhattisgarh,News,Hindi,ok,Plays everywhere tested,ok,1344,,frame,405,648,2.5,ok,1210,,frame,298,1124,2.5,ok,1875,,frame,260,1790,2.4,ok,4760,,frame,513,4715,2.5,vg-zeefta.akamaized.net,4,364,222,4.0,https://vg-zeefta.akamaized.net/ptnr-yupptv/title-zeemadhyachhattisgarh/v1/master/611d79b11b77e2f571934fd80ca1413453772ac7/2ab17056-6187-4f0e-a34d-f436ac479d6c/main.m3u8
247,Zee Punjab Haryana Himachal,News,Punjabi,ok,Plays everywhere tested,ok,932,,frame,292,525,2.5,ok,1097,,frame,327,1035,2.4,ok,1966,,frame,357,1902,2.5,ok,4921,,frame,429,4865,2.4,vg-zeefta.akamaized.net,4,364,204,4.0,https://vg-zeefta.akamaized.net/ptnr-yupptv/title-zeepunjabharyanahima/v1/master/611d79b11b77e2f571934fd80ca1413453772ac7/65eed269-2f3a-4dd0-ac89-d18959af28e3/main.m3u8
248,Zee Rajasthan,News,Hindi,ok,Plays everywhere tested,ok,2433,,frame,345,1759,2.5,ok,1299,,frame,340,1259,2.5,ok,2218,,frame,444,2159,2.5,ok,5004,,frame,434,4949,2.5,vg-zeefta.akamaized.net,4,364,216,4.0,https://vg-zeefta.akamaized.net/ptnr-yupptv/title-zeerajashthannews/v1/master/611d79b11b77e2f571934fd80ca1413453772ac7/8e864b9a-1681-41a0-99a6-387490bc5b24/main.m3u8
249,Zee Uttar Pradesh/Uttarakhand,News,Hindi,heavy,Plays on fast links only (fails on 3g),ok,602,,frame,152,310,2.5,ok,3216,,frame,142,3160,2.5,error,,timeout_frame,segment,240,,,error,,timeout_frame,segment,577,,,duw35ict5q7th.cloudfront.net,0,,,6.0,https://duw35ict5q7th.cloudfront.net/index_3.m3u8
250,ZillarBarta News,Classic,Hindi,heavy,Plays on fast links only (fails on 3g),ok,927,,frame,210,764,2.5,ok,5162,,frame,266,5039,2.4,error,,timeout_frame,segment,367,,,error,,timeout_frame,segment,560,,,server.zillarbarta.com,1,3130,2168,6.0,https://server.zillarbarta.com/zillarbarta/index.m3u8
251,Zoom,Music,Hindi,heavy-2g,Fails only on 2g,ok,1888,,frame,691,1361,2.4,ok,2834,,frame,677,2756,2.5,ok,5738,,frame,792,5610,2.5,error,,timeout_frame,segment,859,,,dai.google.com,3,728,1318,6.0,https://dai.google.com/linear/hls/event/JCAm25qkRXiKcK1AJMlvKQ/master.m3u8
